<?xml version="1.0" encoding="UTF-8"?>
<project-private xmlns="http://www.netbeans.org/ns/project-private/1">
    <editor-bookmarks xmlns="http://www.netbeans.org/ns/editor-bookmarks/2" lastBookmarkId="0"/>
    <open-files xmlns="http://www.netbeans.org/ns/projectui-open-files/2">
        <group>
            <file>file:/C:/Users/Kaylee/OneDrive/Desktop/Tutorial1/POE/src/poe/Login.java</file>
            <file>file:/C:/Users/Kaylee/OneDrive/Desktop/Tutorial1/POE/src/poe/account.java</file>
            <file>file:/C:/Users/Kaylee/OneDrive/Desktop/Tutorial1/POE/test/poe/LoginTest.java</file>
        </group>
    </open-files>
</project-private>
